Model,Mean R2,STD R2,Mean MAE,STD MAE,Mean RMSE,STD RMSE
Random Forest,0.9384199733060619,0.04072441201221978,-0.048038983646549516,0.009152119717702271,-0.07160234386432428,0.025713957352076686
Gradient Boosting,0.9505098875277044,0.02782336663152997,-0.04696041300016078,0.008412286007655851,-0.0665363320800232,0.02195581734464922
XGBoost,0.9452234900026457,0.03266925618849431,-0.047579851300814144,0.006842045406691498,-0.06830166128538077,0.01904981716100137
